ID	Cluster__autocolour
ESC_ZA4916AA_AS.result	1
ESC_ZA5469AA_AS.result	2
ESC_ZA5038AA_AS.result	3
ESC_ZA5615AA_AS.result	4
ESC_ZA6072AA_AS.result	5
ESC_ZA5777AA_AS.result	6
ESC_ZA5798AA_AS.result	7
ESC_ZA5962AA_AS.result	8
ESC_ZA5900AA_AS.result	9
ESC_ZA4866AA_AS.result	10
ESC_ZA4862AA_AS.result	11
ESC_ZA4753AA_AS.result	12
ESC_ZA6017AA_AS.result	13
ESC_ZA6198AA_AS.result	14
ESC_ZA5959AA_AS.result	15
ESC_ZA4911AA_AS.result	16
ESC_ZA6200AA_AS.result	17
ESC_ZA5728AA_AS.result	18
ESC_ZA5789AA_AS.result	19
ESC_ZA4794AA_AS.result	20
ESC_ZA5207AA_AS.result	21
ESC_ZA5119AA_AS.result	22
ESC_ZA5702AA_AS.result	23
ESC_ZA5742AA_AS.result	24
ESC_ZA5390AA_AS.result	25
ESC_ZA6148AA_AS.result	26
ESC_ZA6211AA_AS.result	27
ESC_ZA5089AA_AS.result	28
ESC_ZA5252AA_AS.result	29
ESC_ZA6226AA_AS.result	30
ESC_ZA5801AA_AS.result	31
ESC_ZA4644AA_AS.result	32
ESC_ZA4931AA_AS.result	33
ESC_ZA6103AA_AS.result	34
ESC_ZA4829AA_AS.result	35
ESC_ZA5596AA_AS.result	36
ESC_ZA5762AA_AS.result	37
ESC_ZA6048AA_AS.result	38
ESC_ZA5839AA_AS.result	39
ESC_ZA6172AA_AS.result	40
ESC_ZA4654AA_AS.result	41
ESC_ZA4822AA_AS.result	42
ESC_ZA4569AA_AS.result	43
ESC_ZA5633AA_AS.result	44
ESC_ZA4831AA_AS.result	45
ESC_ZA5320AA_AS.result	46
ESC_ZA5001AA_AS.result	47
ESC_ZA4936AA_AS.result	48
ESC_ZA5430AA_AS.result	49
ESC_ZA5647AA_AS.result	50
ESC_ZA5708AA_AS.result	51
ESC_MB7367AA_AS.result	52
ESC_ZA5223AA_AS.result	53
ESC_ZA5363AA_AS.result	54
ESC_ZA4659AA_AS.result	55
ESC_ZA4771AA_AS.result	56
ESC_ZA4841AA_AS.result	57
ESC_ZA5149AA_AS.result	58
ESC_ZA4721AA_AS.result	59
ESC_ZA5369AA_AS.result	60
ESC_ZA5500AA_AS.result	61
ESC_ZA4925AA_AS.result	62
ESC_ZA6210AA_AS.result	63
ESC_ZA5600AA_AS.result	64
ESC_ZA4924AA_AS.result	65
ESC_ZA4877AA_AS.result	66
ESC_ZA4614AA_AS.result	67
ESC_ZA6157AA_AS.result	68
ESC_ZA5170AA_AS.result	69
ESC_ZA5877AA_AS.result	70
ESC_ZA5680AA_AS.result	71
ESC_ZA4511AA_AS.result	72
ESC_ZA5668AA_AS.result	73
ESC_ZA5366AA_AS.result	74
ESC_ZA4859AA_AS.result	75
ESC_ZA5999AA_AS.result	76
ESC_ZA5088AA_AS.result	77
ESC_ZA4587AA_AS.result	78
ESC_ZA5394AA_AS.result	79
ESC_ZA4923AA_AS.result	80
ESC_ZA5644AA_AS.result	81
ESC_ZA6220AA_AS.result	82
ESC_ZA5392AA_AS.result	83
ESC_ZA5731AA_AS.result	84
ESC_ZA5778AA_AS.result	85
ESC_ZA5496AA_AS.result	86
ESC_ZA5248AA_AS.result	87
ESC_ZA5467AA_AS.result	2
ESC_ZA6050AA_AS.result	88
ESC_ZA4860AA_AS.result	89
ESC_ZA4986AA_AS.result	90
ESC_ZA5943AA_AS.result	91
ESC_ZA4676AA_AS.result	92
ESC_ZA5213AA_AS.result	93
ESC_ZA4695AA_AS.result	94
ESC_ZA6090AA_AS.result	95
ESC_ZA5721AA_AS.result	96
ESC_ZA6040AA_AS.result	97
ESC_ZA5455AA_AS.result	98
ESC_ZA4658AA_AS.result	99
ESC_ZA5091AA_AS.result	100
ESC_ZA5867AA_AS.result	101
ESC_ZA5873AA_AS.result	102
ESC_ZA5040AA_AS.result	3
ESC_ZA4770AA_AS.result	103
ESC_ZA5423AA_AS.result	104
ESC_ZA5759AA_AS.result	105
ESC_ZA4568AA_AS.result	106
ESC_ZA4731AA_AS.result	107
ESC_ZA5713AA_AS.result	108
ESC_ZA5274AA_AS.result	109
ESC_ZA5017AA_AS.result	110
ESC_ZA5263AA_AS.result	111
ESC_ZA5267AA_AS.result	112
ESC_ZA6217AA_AS.result	113
ESC_ZA5115AA_AS.result	114
ESC_ZA5154AA_AS.result	115
ESC_ZA4682AA_AS.result	94
ESC_ZA5412AA_AS.result	116
ESC_ZA5415AA_AS.result	117
ESC_ZA5895AA_AS.result	118
ESC_ZA4523AA_AS.result	119
ESC_ZA5003AA_AS.result	120
ESC_ZA4675AA_AS.result	121
ESC_ZA6171AA_AS.result	122
ESC_ZA5729AA_AS.result	123
ESC_ZA5944AA_AS.result	124
ESC_ZA5698AA_AS.result	125
ESC_ZA4561AA_AS.result	126
ESC_ZA5065AA_AS.result	127
ESC_ZA5854AA_AS.result	128
ESC_ZA5961AA_AS.result	129
ESC_ZA5266AA_AS.result	130
ESC_ZA6124AA_AS.result	131
ESC_ZA4703AA_AS.result	132
ESC_ZA5104AA_AS.result	133
ESC_ZA5850AA_AS.result	134
ESC_ZA5173AA_AS.result	135
ESC_ZA5126AA_AS.result	136
ESC_ZA5623AA_AS.result	137
ESC_ZA5193AA_AS.result	138
ESC_ZA5337AA_AS.result	139
ESC_ZA4669AA_AS.result	140
ESC_ZA6205AA_AS.result	141
ESC_ZA5950AA_AS.result	142
ESC_ZA5376AA_AS.result	143
ESC_ZA4656AA_AS.result	144
ESC_ZA5687AA_AS.result	145
ESC_ZA4628AA_AS.result	146
ESC_ZA5016AA_AS.result	147
ESC_ZA5984AA_AS.result	148
ESC_ZA5269AA_AS.result	149
ESC_ZA5162AA_AS.result	150
ESC_ZA5309AA_AS.result	151
ESC_ZA5295AA_AS.result	152
ESC_ZA5385AA_AS.result	153
ESC_ZA4633AA_AS.result	154
ESC_ZA5627AA_AS.result	155
ESC_ZA5911AA_AS.result	156
ESC_ZA4921AA_AS.result	157
ESC_ZA5479AA_AS.result	158
ESC_ZA5232AA_AS.result	159
ESC_ZA5025AA_AS.result	160
ESC_ZA6058AA_AS.result	161
ESC_ZA5664AA_AS.result	162
ESC_ZA5705AA_AS.result	163
ESC_ZA4767AA_AS.result	164
ESC_ZA5147AA_AS.result	165
ESC_ZA4609AA_AS.result	166
ESC_ZA6135AA_AS.result	167
ESC_ZA5085AA_AS.result	168
ESC_ZA6219AA_AS.result	169
ESC_ZA5431AA_AS.result	170
ESC_ZA5321AA_AS.result	171
ESC_ZA4630AA_AS.result	172
ESC_ZA5318AA_AS.result	173
ESC_ZA4622AA_AS.result	174
ESC_ZA5803AA_AS.result	175
ESC_ZA4595AA_AS.result	176
ESC_ZA4909AA_AS.result	65
ESC_ZA5285AA_AS.result	177
ESC_ZA5774AA_AS.result	178
ESC_ZA4762AA_AS.result	179
ESC_ZA4698AA_AS.result	180
ESC_ZA4876AA_AS.result	181
ESC_ZA4585AA_AS.result	182
ESC_ZA5980AA_AS.result	183
ESC_ZA5483AA_AS.result	184
ESC_ZA5799AA_AS.result	185
ESC_ZA4627AA_AS.result	186
ESC_ZA6070AA_AS.result	187
ESC_ZA5347AA_AS.result	188
ESC_ZA4690AA_AS.result	189
ESC_ZA4708AA_AS.result	190
ESC_ZA6117AA_AS.result	191
ESC_ZA5691AA_AS.result	192
ESC_ZA5258AA_AS.result	193
ESC_ZA5686AA_AS.result	194
ESC_ZA4907AA_AS.result	195
ESC_ZA4615AA_AS.result	196
ESC_ZA5054AA_AS.result	197
ESC_ZA6068AA_AS.result	198
ESC_ZA5350AA_AS.result	199
ESC_ZA5111AA_AS.result	200
ESC_ZA6164AA_AS.result	201
ESC_ZA6010AA_AS.result	202
ESC_ZA6031AA_AS.result	203
ESC_ZA5081AA_AS.result	204
ESC_ZA4610AA_AS.result	205
ESC_ZA6060AA_AS.result	206
ESC_ZA5770AA_AS.result	207
ESC_ZA6110AA_AS.result	208
ESC_ZA5247AA_AS.result	209
ESC_ZA4736AA_AS.result	210
ESC_ZA5063AA_AS.result	211
ESC_ZA4899AA_AS.result	212
ESC_ZA5212AA_AS.result	213
ESC_ZA4904AA_AS.result	214
ESC_ZA5272AA_AS.result	215
ESC_ZA5410AA_AS.result	216
ESC_ZA5066AA_AS.result	217
ESC_ZA5387AA_AS.result	218
ESC_ZA4584AA_AS.result	219
ESC_ZA5068AA_AS.result	220
ESC_ZA4652AA_AS.result	221
ESC_ZA5622AA_AS.result	222
ESC_ZA4826AA_AS.result	223
ESC_ZA4809AA_AS.result	224
ESC_ZA4898AA_AS.result	225
ESC_ZA5460AA_AS.result	226
ESC_ZA5792AA_AS.result	227
ESC_ZA5325AA_AS.result	228
ESC_ZA4725AA_AS.result	229
ESC_ZA5428AA_AS.result	230
ESC_ZA5740AA_AS.result	231
ESC_ZA6065AA_AS.result	232
ESC_ZA5948AA_AS.result	233
ESC_ZA6202AA_AS.result	234
ESC_ZA6112AA_AS.result	235
ESC_ZA6206AA_AS.result	236
ESC_ZA5732AA_AS.result	237
ESC_ZA5323AA_AS.result	238
ESC_ZA5889AA_AS.result	239
ESC_ZA4793AA_AS.result	240
ESC_ZA6234AA_AS.result	241
ESC_ZA5174AA_AS.result	242
ESC_ZA4989AA_AS.result	243
ESC_ZA5790AA_AS.result	244
ESC_ZA5395AA_AS.result	245
ESC_ZA5254AA_AS.result	246
ESC_ZA4713AA_AS.result	247
ESC_ZA5491AA_AS.result	248
ESC_ZA5391AA_AS.result	249
ESC_ZA5184AA_AS.result	250
ESC_ZA5288AA_AS.result	251
ESC_ZA5726AA_AS.result	252
ESC_ZA5676AA_AS.result	253
ESC_ZA5018AA_AS.result	254
ESC_ZA4574AA_AS.result	255
ESC_ZA5822AA_AS.result	256
ESC_ZA5722AA_AS.result	257
ESC_ZA5976AA_AS.result	258
ESC_ZA6062AA_AS.result	259
ESC_ZA5163AA_AS.result	260
ESC_TB6702AA_AS.result	261
ESC_ZA4882AA_AS.result	262
ESC_ZA6142AA_AS.result	263
ESC_ZA5648AA_AS.result	264
ESC_ZA5002AA_AS.result	265
ESC_ZA5815AA_AS.result	266
ESC_ZA5009AA_AS.result	267
ESC_ZA5338AA_AS.result	268
ESC_ZA5180AA_AS.result	269
ESC_ZA4846AA_AS.result	270
ESC_ZA4868AA_AS.result	271
ESC_ZA5257AA_AS.result	272
ESC_ZA6094AA_AS.result	162
ESC_ZA5679AA_AS.result	273
ESC_ZA4805AA_AS.result	274
ESC_ZA5409AA_AS.result	275
ESC_ZA5925AA_AS.result	276
ESC_ZA5489AA_AS.result	277
ESC_ZA5166AA_AS.result	278
ESC_ZA6076AA_AS.result	279
ESC_ZA5710AA_AS.result	280
ESC_ZA5786AA_AS.result	281
ESC_ZA5910AA_AS.result	282
ESC_ZA6255AA_AS.result	283
ESC_ZA6039AA_AS.result	97
ESC_ZA5932AA_AS.result	284
ESC_MB7376AA_AS.result	285
ESC_ZA5201AA_AS.result	286
ESC_ZA6173AA_AS.result	122
ESC_ZA6080AA_AS.result	287
ESC_ZA6001AA_AS.result	288
ESC_ZA5741AA_AS.result	289
ESC_ZA4606AA_AS.result	290
ESC_ZA5715AA_AS.result	291
ESC_ZA5834AA_AS.result	292
ESC_ZA4883AA_AS.result	293
ESC_ZA4799AA_AS.result	294
ESC_ZA5411AA_AS.result	295
ESC_ZA5370AA_AS.result	296
ESC_ZA5724AA_AS.result	297
ESC_ZA5766AA_AS.result	298
ESC_ZA5674AA_AS.result	299
ESC_ZA5316AA_AS.result	300
ESC_ZA5473AA_AS.result	301
ESC_ZA6111AA_AS.result	302
ESC_ZA5712AA_AS.result	303
ESC_ZA5940AA_AS.result	304
ESC_ZA4580AA_AS.result	305
ESC_ZA6152AA_AS.result	306
ESC_ZA4998AA_AS.result	307
ESC_ZA4852AA_AS.result	308
ESC_ZA5131AA_AS.result	309
ESC_ZA5887AA_AS.result	310
ESC_ZA4522AA_AS.result	311
ESC_ZA6225AA_AS.result	312
ESC_ZA4988AA_AS.result	313
ESC_ZA4965AA_AS.result	314
ESC_ZA5231AA_AS.result	315
ESC_ZA5298AA_AS.result	316
ESC_ZA4512AA_AS.result	317
ESC_ZA5480AA_AS.result	318
ESC_ZA5019AA_AS.result	319
ESC_ZA6041AA_AS.result	320
ESC_ZA5220AA_AS.result	321
ESC_ZA4535AA_AS.result	322
ESC_ZA5747AA_AS.result	323
ESC_ZA5859AA_AS.result	324
ESC_ZA5957AA_AS.result	325
ESC_ZA4533AA_AS.result	326
ESC_ZA5037AA_AS.result	327
ESC_ZA4520AA_AS.result	328
ESC_ZA4978AA_AS.result	329
ESC_ZA5501AA_AS.result	330
ESC_ZA4567AA_AS.result	331
ESC_ZA4804AA_AS.result	332
ESC_ZA6179AA_AS.result	333
ESC_ZA4744AA_AS.result	334
ESC_ZA5865AA_AS.result	335
ESC_ZA4813AA_AS.result	224
ESC_ZA5764AA_AS.result	336
ESC_ZA5308AA_AS.result	337
ESC_ZA5250AA_AS.result	338
ESC_ZA4938AA_AS.result	339
ESC_ZA5311AA_AS.result	340
ESC_ZA5127AA_AS.result	341
ESC_ZA5806AA_AS.result	342
ESC_ZA6104AA_AS.result	343
ESC_ZA5023AA_AS.result	344
ESC_ZA6140AA_AS.result	345
ESC_ZA5969AA_AS.result	346
ESC_ZA4612AA_AS.result	347
ESC_ZA4982AA_AS.result	348
ESC_ZA5611AA_AS.result	349
ESC_ZA5472AA_AS.result	350
ESC_ZA4979AA_AS.result	351
ESC_ZA4577AA_AS.result	352
ESC_ZA6251AA_AS.result	353
ESC_ZA6067AA_AS.result	354
ESC_ZA5718AA_AS.result	355
ESC_ZA5988AA_AS.result	356
ESC_ZA6115AA_AS.result	357
ESC_ZA4591AA_AS.result	358
ESC_ZA5763AA_AS.result	359
ESC_ZA5365AA_AS.result	360
ESC_ZA5818AA_AS.result	361
ESC_ZA4742AA_AS.result	362
ESC_ZA6095AA_AS.result	162
ESC_ZA6075AA_AS.result	363
ESC_ZA5696AA_AS.result	364
ESC_ZA4733AA_AS.result	365
ESC_ZA5352AA_AS.result	366
ESC_ZA6201AA_AS.result	367
ESC_ZA5010AA_AS.result	368
ESC_ZA4704AA_AS.result	369
ESC_ZA4510AA_AS.result	51
ESC_ZA4716AA_AS.result	370
ESC_ZA5477AA_AS.result	371
ESC_ZA5327AA_AS.result	372
ESC_ZA4729AA_AS.result	373
ESC_ZA4824AA_AS.result	374
ESC_ZA4972AA_AS.result	375
ESC_ZA4528AA_AS.result	376
ESC_ZA6256AA_AS.result	377
ESC_ZA6139AA_AS.result	378
ESC_ZA5861AA_AS.result	379
ESC_ZA5866AA_AS.result	380
ESC_ZA5049AA_AS.result	381
ESC_ZA4949AA_AS.result	382
ESC_ZA4671AA_AS.result	383
ESC_ZA4817AA_AS.result	384
ESC_ZA5684AA_AS.result	385
ESC_ZA5343AA_AS.result	386
ESC_ZA6043AA_AS.result	387
ESC_ZA5495AA_AS.result	388
ESC_ZA5752AA_AS.result	389
ESC_ZA5670AA_AS.result	390
ESC_ZA4974AA_AS.result	391
ESC_ZA4785AA_AS.result	392
ESC_ZA4616AA_AS.result	347
ESC_ZA6012AA_AS.result	393
ESC_ZA6038AA_AS.result	394
ESC_ZA4723AA_AS.result	395
ESC_ZA4776AA_AS.result	396
ESC_ZA6232AA_AS.result	397
ESC_ZA5497AA_AS.result	398
ESC_ZA4699AA_AS.result	399
ESC_ZA5051AA_AS.result	400
ESC_ZA5331AA_AS.result	401
ESC_ZA6121AA_AS.result	402
ESC_ZA5743AA_AS.result	403
ESC_ZA5824AA_AS.result	404
ESC_ZA5927AA_AS.result	405
ESC_ZA5926AA_AS.result	406
ESC_ZA5235AA_AS.result	407
ESC_ZA4538AA_AS.result	408
ESC_ZA5286AA_AS.result	409
ESC_ZA5215AA_AS.result	410
ESC_ZA6044AA_AS.result	411
ESC_ZA4737AA_AS.result	412
ESC_ZA4724AA_AS.result	373
ESC_ZA4544AA_AS.result	413
ESC_ZA5655AA_AS.result	414
ESC_ZA5694AA_AS.result	415
ESC_ZA5795AA_AS.result	416
ESC_ZA6181AA_AS.result	417
ESC_ZA4732AA_AS.result	418
ESC_ZA5342AA_AS.result	419
ESC_ZA4953AA_AS.result	420
ESC_ZA4811AA_AS.result	421
ESC_ZA5208AA_AS.result	422
ESC_ZA5506AA_AS.result	423
ESC_ZA5022AA_AS.result	424
ESC_ZA4786AA_AS.result	425
ESC_ZA4993AA_AS.result	426
ESC_ZA4527AA_AS.result	427
ESC_ZA5478AA_AS.result	158
ESC_ZA5502AA_AS.result	428
ESC_ZA5218AA_AS.result	429
ESC_ZA4680AA_AS.result	430
ESC_ZA5634AA_AS.result	431
ESC_ZA5340AA_AS.result	432
ESC_ZA5198AA_AS.result	433
ESC_ZA4619AA_AS.result	434
ESC_ZA5954AA_AS.result	435
ESC_ZA5209AA_AS.result	436
ESC_ZA4950AA_AS.result	339
ESC_ZA6207AA_AS.result	437
ESC_ZA6180AA_AS.result	438
ESC_ZA5361AA_AS.result	439
ESC_ZA5960AA_AS.result	440
ESC_ZA6163AA_AS.result	441
ESC_ZA5011AA_AS.result	442
ESC_ZA5306AA_AS.result	443
ESC_ZA6159AA_AS.result	444
ESC_ZA5682AA_AS.result	445
ESC_ZA5858AA_AS.result	446
ESC_ZA5116AA_AS.result	341
ESC_ZA5720AA_AS.result	447
ESC_ZA6136AA_AS.result	355
ESC_TB6672AA_AS.result	448
ESC_ZA4795AA_AS.result	449
ESC_ZA6130AA_AS.result	450
ESC_ZA5045AA_AS.result	451
ESC_ZA5324AA_AS.result	452
ESC_ZA4632AA_AS.result	453
ESC_ZA6137AA_AS.result	454
ESC_ZA6105AA_AS.result	455
ESC_ZA4663AA_AS.result	456
ESC_ZA4594AA_AS.result	457
ESC_ZA6118AA_AS.result	458
ESC_ZA5827AA_AS.result	459
ESC_ZA4849AA_AS.result	460
ESC_ZA4631AA_AS.result	461
ESC_ZA5407AA_AS.result	462
ESC_ZA5425AA_AS.result	463
ESC_ZA5465AA_AS.result	464
ESC_ZA4717AA_AS.result	465
ESC_ZA6151AA_AS.result	466
ESC_ZA5399AA_AS.result	467
ESC_ZA5382AA_AS.result	468
ESC_ZA4720AA_AS.result	469
ESC_ZA5987AA_AS.result	470
ESC_ZA6134AA_AS.result	471
ESC_ZA4593AA_AS.result	472
ESC_ZA5935AA_AS.result	473
ESC_ZA5108AA_AS.result	474
ESC_ZA4830AA_AS.result	475
ESC_ZA5194AA_AS.result	476
ESC_ZA4617AA_AS.result	347
ESC_ZA5005AA_AS.result	477
ESC_ZA6150AA_AS.result	478
ESC_ZA5776AA_AS.result	479
ESC_ZA5485AA_AS.result	480
ESC_ZA6091AA_AS.result	481
ESC_ZA5260AA_AS.result	482
ESC_ZA5985AA_AS.result	483
ESC_ZA5129AA_AS.result	484
ESC_ZA5879AA_AS.result	485
ESC_ZA5498AA_AS.result	486
ESC_ZA5649AA_AS.result	487
ESC_ZA5319AA_AS.result	488
ESC_ZA5062AA_AS.result	489
ESC_ZA4875AA_AS.result	490
ESC_ZA5888AA_AS.result	491
ESC_ZA4870AA_AS.result	492
ESC_ZA5330AA_AS.result	493
ESC_ZA5185AA_AS.result	494
ESC_ZA5006AA_AS.result	495
ESC_ZA5291AA_AS.result	496
ESC_ZA5177AA_AS.result	497
ESC_ZA4812AA_AS.result	498
ESC_ZA6045AA_AS.result	499
ESC_ZA5939AA_AS.result	304
ESC_ZA4701AA_AS.result	500
ESC_ZA6018AA_AS.result	501
ESC_ZA5432AA_AS.result	502
ESC_ZA4970AA_AS.result	503
ESC_ZA5992AA_AS.result	504
ESC_ZA4912AA_AS.result	505
ESC_ZA5161AA_AS.result	506
ESC_ZA4665AA_AS.result	507
ESC_ZA5841AA_AS.result	508
ESC_ZA4551AA_AS.result	509
ESC_ZA5788AA_AS.result	510
ESC_ZA5458AA_AS.result	511
ESC_ZA5079AA_AS.result	512
ESC_ZA5279AA_AS.result	411
ESC_ZA5381AA_AS.result	513
ESC_ZA5008AA_AS.result	514
ESC_ZA5642AA_AS.result	515
ESC_ZA5898AA_AS.result	516
ESC_ZA5074AA_AS.result	517
ESC_ZA5259AA_AS.result	518
ESC_ZA6162AA_AS.result	519
ESC_ZA5484AA_AS.result	520
ESC_ZA5135AA_AS.result	521
ESC_ZA4865AA_AS.result	522
ESC_ZA4660AA_AS.result	523
ESC_ZA5035AA_AS.result	524
ESC_ZA4667AA_AS.result	525
ESC_ZA5151AA_AS.result	526
ESC_ZA6008AA_AS.result	527
ESC_ZA5445AA_AS.result	528
ESC_ZA4867AA_AS.result	529
ESC_ZA5388AA_AS.result	530
ESC_ZA6191AA_AS.result	531
ESC_ZA6186AA_AS.result	532
ESC_ZA4629AA_AS.result	533
ESC_ZA5997AA_AS.result	534
ESC_ZA6054AA_AS.result	535
ESC_ZA6190AA_AS.result	536
ESC_ZA4694AA_AS.result	537
ESC_ZA5404AA_AS.result	538
ESC_ZA6222AA_AS.result	539
ESC_ZA5772AA_AS.result	540
ESC_ZA5641AA_AS.result	541
ESC_ZA6155AA_AS.result	542
ESC_ZA4534AA_AS.result	543
ESC_ZA4918AA_AS.result	544
ESC_ZA5714AA_AS.result	545
ESC_ZA4739AA_AS.result	546
ESC_ZA5386AA_AS.result	547
ESC_ZA4543AA_AS.result	548
ESC_ZA6106AA_AS.result	549
ESC_ZA5603AA_AS.result	550
ESC_ZA4888AA_AS.result	551
ESC_ZA5672AA_AS.result	552
ESC_ZA5303AA_AS.result	553
ESC_ZA4666AA_AS.result	554
ESC_ZA4964AA_AS.result	555
ESC_ZA4874AA_AS.result	556
ESC_ZA5082AA_AS.result	557
ESC_ZA4930AA_AS.result	558
ESC_ZA5339AA_AS.result	559
ESC_ZA5012AA_AS.result	560
ESC_ZA5681AA_AS.result	561
ESC_ZA5094AA_AS.result	562
ESC_ZA5982AA_AS.result	563
ESC_ZA4643AA_AS.result	564
ESC_ZA4636AA_AS.result	565
ESC_ZA5662AA_AS.result	566
ESC_ZA5132AA_AS.result	567
ESC_ZA4954AA_AS.result	568
ESC_ZA5828AA_AS.result	569
ESC_ZA5405AA_AS.result	570
ESC_ZA5744AA_AS.result	571
ESC_ZA5963AA_AS.result	572
ESC_ZA5042AA_AS.result	573
ESC_ZA6016AA_AS.result	574
ESC_ZA5243AA_AS.result	575
ESC_ZA5638AA_AS.result	576
ESC_ZA4611AA_AS.result	577
ESC_ZA5426AA_AS.result	578
ESC_ZA4541AA_AS.result	579
ESC_ZA4790AA_AS.result	580
ESC_ZA5885AA_AS.result	581
ESC_ZA5168AA_AS.result	582
ESC_ZA6147AA_AS.result	583
ESC_ZA5253AA_AS.result	29
ESC_ZA5158AA_AS.result	584
ESC_ZA4853AA_AS.result	585
ESC_ZA6023AA_AS.result	527
ESC_ZA5970AA_AS.result	586
ESC_ZA6074AA_AS.result	587
ESC_ZA5896AA_AS.result	516
ESC_ZA6022AA_AS.result	588
ESC_ZA4891AA_AS.result	589
ESC_ZA5362AA_AS.result	590
ESC_ZA4977AA_AS.result	591
ESC_ZA5029AA_AS.result	592
ESC_ZA5397AA_AS.result	593
ESC_ZA5137AA_AS.result	594
ESC_ZA5775AA_AS.result	595
ESC_ZA5057AA_AS.result	596
ESC_ZA5486AA_AS.result	597
ESC_ZA5922AA_AS.result	598
ESC_ZA4537AA_AS.result	599
ESC_ZA5487AA_AS.result	600
ESC_ZA4524AA_AS.result	601
ESC_ZA5211AA_AS.result	602
ESC_ZA4775AA_AS.result	603
ESC_ZA6077AA_AS.result	604
ESC_ZA4759AA_AS.result	605
ESC_ZA5186AA_AS.result	606
ESC_ZA6096AA_AS.result	607
ESC_ZA4746AA_AS.result	608
ESC_ZA6170AA_AS.result	609
ESC_ZA4583AA_AS.result	610
ESC_ZA6129AA_AS.result	611
ESC_ZA5244AA_AS.result	612
ESC_ZA5903AA_AS.result	613
ESC_ZA5271AA_AS.result	614
ESC_ZA4750AA_AS.result	615
ESC_ZA4662AA_AS.result	616
ESC_ZA6212AA_AS.result	617
ESC_ZA4741AA_AS.result	618
ESC_ZA4802AA_AS.result	619
ESC_ZA6182AA_AS.result	620
ESC_ZA4827AA_AS.result	621
ESC_ZA4518AA_AS.result	622
ESC_ZA5276AA_AS.result	623
ESC_ZA4601AA_AS.result	624
ESC_ZA4668AA_AS.result	625
ESC_ZA6003AA_AS.result	626
ESC_ZA5032AA_AS.result	627
ESC_ZA5826AA_AS.result	628
ESC_ZA5105AA_AS.result	629
ESC_ZA6224AA_AS.result	630
ESC_ZA5782AA_AS.result	631
ESC_ZA5277AA_AS.result	632
ESC_ZA4856AA_AS.result	89
ESC_ZA5665AA_AS.result	633
ESC_ZA5494AA_AS.result	634
ESC_ZA5808AA_AS.result	635
ESC_ZA5020AA_AS.result	255
ESC_ZA4738AA_AS.result	636
ESC_ZA5238AA_AS.result	637
ESC_ZA4604AA_AS.result	638
ESC_ZA6082AA_AS.result	639
ESC_ZA5755AA_AS.result	640
ESC_ZA5013AA_AS.result	641
ESC_ZA4951AA_AS.result	642
ESC_ZA6192AA_AS.result	643
ESC_ZA5913AA_AS.result	644
ESC_ZA6064AA_AS.result	645
ESC_ZA5599AA_AS.result	646
ESC_ZA4815AA_AS.result	498
ESC_ZA5287AA_AS.result	177
ESC_ZA4890AA_AS.result	647
ESC_ZA4579AA_AS.result	648
ESC_ZA5994AA_AS.result	649
ESC_ZA5883AA_AS.result	650
ESC_ZA5378AA_AS.result	651
ESC_ZA5096AA_AS.result	652
ESC_ZA5240AA_AS.result	653
ESC_ZA5216AA_AS.result	654
ESC_ZA4625AA_AS.result	655
ESC_ZA5882AA_AS.result	656
ESC_ZA5346AA_AS.result	657
ESC_ZA5768AA_AS.result	658
ESC_ZA5117AA_AS.result	659
ESC_MB7372AA_AS.result	307
ESC_ZA5224AA_AS.result	660
ESC_ZA4525AA_AS.result	661
ESC_ZA4710AA_AS.result	662
ESC_ZA5890AA_AS.result	663
ESC_ZA5456AA_AS.result	664
ESC_ZA5746AA_AS.result	665
ESC_ZA5601AA_AS.result	666
ESC_ZA6145AA_AS.result	167
ESC_ZA5236AA_AS.result	667
ESC_ZA4761AA_AS.result	668
ESC_ZA5333AA_AS.result	669
ESC_ZA5840AA_AS.result	670
ESC_ZA4885AA_AS.result	45
ESC_ZA5383AA_AS.result	671
ESC_ZA5452AA_AS.result	672
ESC_ZA4556AA_AS.result	673
ESC_ZA5070AA_AS.result	674
ESC_ZA4823AA_AS.result	675
ESC_ZA5971AA_AS.result	676
ESC_ZA5434AA_AS.result	677
ESC_ZA6097AA_AS.result	678
ESC_ZA4608AA_AS.result	679
ESC_ZA5372AA_AS.result	680
ESC_ZA5733AA_AS.result	681
ESC_ZA5449AA_AS.result	682
ESC_ZA5061AA_AS.result	683
ESC_ZA5312AA_AS.result	684
ESC_ZA5874AA_AS.result	685
ESC_ZA4641AA_AS.result	686
ESC_ZA4639AA_AS.result	687
ESC_ZA5462AA_AS.result	688
ESC_ZA6229AA_AS.result	689
ESC_ZA5646AA_AS.result	690
ESC_ZA4582AA_AS.result	691
ESC_ZA4845AA_AS.result	51
ESC_ZA4635AA_AS.result	692
ESC_ZA5745AA_AS.result	693
ESC_ZA5802AA_AS.result	694
ESC_ZA5804AA_AS.result	695
ESC_ZA6013AA_AS.result	696
ESC_ZA5800AA_AS.result	697
ESC_ZA4515AA_AS.result	698
ESC_ZA4679AA_AS.result	699
ESC_ZA5725AA_AS.result	700
ESC_ZA5942AA_AS.result	701
ESC_ZA4968AA_AS.result	702
ESC_ZA5769AA_AS.result	703
ESC_ZA5310AA_AS.result	704
ESC_ZA5463AA_AS.result	705
ESC_ZA4705AA_AS.result	706
ESC_ZA5175AA_AS.result	707
ESC_ZA5217AA_AS.result	708
ESC_ZA5113AA_AS.result	709
ESC_ZA5780AA_AS.result	710
ESC_ZA5332AA_AS.result	509
ESC_ZA5130AA_AS.result	711
ESC_ZA4879AA_AS.result	712
ESC_ZA5123AA_AS.result	713
ESC_ZA4980AA_AS.result	225
ESC_ZA6011AA_AS.result	714
ESC_ZA5736AA_AS.result	715
ESC_ZA6123AA_AS.result	131
ESC_ZA5482AA_AS.result	716
ESC_ZA5614AA_AS.result	717
ESC_ZA6230AA_AS.result	718
ESC_ZA6128AA_AS.result	719
ESC_ZA5461AA_AS.result	528
ESC_ZA5781AA_AS.result	720
ESC_ZA6006AA_AS.result	721
ESC_ZA5371AA_AS.result	722
ESC_ZA5144AA_AS.result	717
ESC_ZA4760AA_AS.result	723
ESC_ZA5265AA_AS.result	724
ESC_ZA5242AA_AS.result	725
ESC_ZA5142AA_AS.result	582
ESC_ZA5060AA_AS.result	726
ESC_ZA6187AA_AS.result	727
ESC_ZA5823AA_AS.result	728
ESC_ZA5069AA_AS.result	729
ESC_ZA5616AA_AS.result	730
ESC_ZA5904AA_AS.result	731
ESC_ZA5748AA_AS.result	732
ESC_ZA5884AA_AS.result	733
ESC_ZA4687AA_AS.result	734
ESC_ZA5652AA_AS.result	543
ESC_ZA5844AA_AS.result	735
ESC_ZA4892AA_AS.result	647
ESC_ZA6143AA_AS.result	736
ESC_ZA4576AA_AS.result	737
ESC_ZA5182AA_AS.result	738
ESC_ZA5660AA_AS.result	739
ESC_ZA5707AA_AS.result	740
ESC_ZA5053AA_AS.result	741
ESC_ZA4766AA_AS.result	742
ESC_ZA6214AA_AS.result	743
ESC_ZA5504AA_AS.result	61
ESC_ZA5289AA_AS.result	744
ESC_ZA6257AA_AS.result	745
ESC_ZA5028AA_AS.result	746
ESC_ZA5659AA_AS.result	747
ESC_ZA4808AA_AS.result	748
ESC_ZA5602AA_AS.result	749
ESC_ZA6196AA_AS.result	750
ESC_ZA5109AA_AS.result	751
ESC_ZA5919AA_AS.result	752
ESC_ZA4691AA_AS.result	753
ESC_ZA4531AA_AS.result	754
ESC_ZA5700AA_AS.result	328
ESC_ZA6034AA_AS.result	204
ESC_ZA6081AA_AS.result	755
ESC_ZA5375AA_AS.result	756
ESC_ZA5723AA_AS.result	757
ESC_ZA5631AA_AS.result	758
ESC_ZA4557AA_AS.result	759
ESC_ZA6071AA_AS.result	760
ESC_ZA5334AA_AS.result	761
ESC_ZA5796AA_AS.result	762
ESC_ZA4697AA_AS.result	763
ESC_ZA4934AA_AS.result	764
ESC_ZA6026AA_AS.result	765
ESC_ZA5812AA_AS.result	766
ESC_ZA4842AA_AS.result	57
ESC_ZA4905AA_AS.result	767
ESC_ZA4519AA_AS.result	768
ESC_ZA4735AA_AS.result	769
ESC_ZA4806AA_AS.result	770
ESC_ZA6193AA_AS.result	771
ESC_ZA4590AA_AS.result	772
ESC_ZA4722AA_AS.result	773
ESC_ZA6084AA_AS.result	774
ESC_ZA5693AA_AS.result	775
ESC_ZA4992AA_AS.result	776
ESC_ZA5835AA_AS.result	777
ESC_MB7373AA_AS.result	778
ESC_ZA4869AA_AS.result	779
ESC_ZA5429AA_AS.result	780
ESC_ZA4745AA_AS.result	781
ESC_ZA5711AA_AS.result	782
ESC_ZA4994AA_AS.result	783
ESC_ZA5451AA_AS.result	784
ESC_ZA5401AA_AS.result	785
ESC_ZA4657AA_AS.result	786
ESC_ZA6051AA_AS.result	538
ESC_ZA6093AA_AS.result	478
ESC_ZA5635AA_AS.result	787
ESC_ZA5417AA_AS.result	788
ESC_ZA5946AA_AS.result	789
ESC_ZA5156AA_AS.result	790
ESC_ZA5164AA_AS.result	791
ESC_ZA6108AA_AS.result	792
ESC_ZA5876AA_AS.result	793
ESC_ZA5446AA_AS.result	794
ESC_ZA5304AA_AS.result	795
ESC_ZA5996AA_AS.result	796
ESC_ZA5735AA_AS.result	797
ESC_ZA5860AA_AS.result	798
ESC_ZA4718AA_AS.result	799
ESC_ZA5059AA_AS.result	800
ESC_ZA4915AA_AS.result	801
ESC_ZA4677AA_AS.result	802
ESC_ZA5878AA_AS.result	803
ESC_ZA5829AA_AS.result	804
ESC_ZA5842AA_AS.result	805
ESC_ZA5953AA_AS.result	806
ESC_ZA4607AA_AS.result	1
ESC_ZA5046AA_AS.result	807
ESC_ZA4843AA_AS.result	808
ESC_ZA4571AA_AS.result	809
ESC_ZA5607AA_AS.result	810
ESC_ZA5299AA_AS.result	811
ESC_ZA4599AA_AS.result	812
ESC_ZA6204AA_AS.result	813
ESC_ZA4944AA_AS.result	814
ESC_ZA5241AA_AS.result	815
ESC_ZA5230AA_AS.result	816
ESC_ZA4755AA_AS.result	817
ESC_ZA4637AA_AS.result	818
ESC_ZA5907AA_AS.result	819
ESC_ZA4623AA_AS.result	820
ESC_ZA5112AA_AS.result	821
ESC_ZA4673AA_AS.result	822
ESC_ZA4797AA_AS.result	823
ESC_ZA4933AA_AS.result	824
ESC_ZA5313AA_AS.result	825
ESC_ZA4897AA_AS.result	826
ESC_ZA4586AA_AS.result	610
ESC_ZA6174AA_AS.result	122
ESC_MB7314AA_AS.result	827
ESC_ZA5280AA_AS.result	828
ESC_ZA5507AA_AS.result	829
ESC_ZA5820AA_AS.result	830
ESC_ZA6252AA_AS.result	831
ESC_ZA4536AA_AS.result	832
ESC_ZA4880AA_AS.result	833
ESC_ZA4800AA_AS.result	834
ESC_ZA5092AA_AS.result	835
ESC_ZA6053AA_AS.result	836
ESC_ZA5041AA_AS.result	837
ESC_ZA4937AA_AS.result	838
ESC_ZA5225AA_AS.result	839
ESC_ZA5237AA_AS.result	840
ESC_ZA6133AA_AS.result	841
ESC_ZA5373AA_AS.result	842
ESC_ZA4578AA_AS.result	843
ESC_ZA4835AA_AS.result	844
ESC_ZA5036AA_AS.result	524
ESC_ZA4550AA_AS.result	845
ESC_ZA4634AA_AS.result	846
ESC_ZA5364AA_AS.result	847
ESC_ZA5197AA_AS.result	848
ESC_ZA5929AA_AS.result	849
ESC_ZA6131AA_AS.result	850
ESC_ZA5751AA_AS.result	851
ESC_ZA4516AA_AS.result	852
ESC_ZA6073AA_AS.result	587
ESC_ZA6195AA_AS.result	853
ESC_ZA4987AA_AS.result	854
ESC_ZA4926AA_AS.result	855
ESC_ZA6153AA_AS.result	856
ESC_ZA4913AA_AS.result	857
ESC_ZA4971AA_AS.result	858
ESC_ZA4664AA_AS.result	859
ESC_ZA6167AA_AS.result	860
ESC_ZA4650AA_AS.result	861
ESC_ZA4647AA_AS.result	862
ESC_ZA4743AA_AS.result	863
ESC_ZA5964AA_AS.result	864
ESC_ZA5064AA_AS.result	865
ESC_ZA4542AA_AS.result	866
ESC_ZA5367AA_AS.result	867
ESC_ZA5039AA_AS.result	868
ESC_ZA6066AA_AS.result	869
ESC_ZA4847AA_AS.result	870
ESC_ZA5918AA_AS.result	871
ESC_ZA6083AA_AS.result	872
ESC_ZA4884AA_AS.result	873
ESC_ZA4547AA_AS.result	874
ESC_ZA4748AA_AS.result	875
ESC_ZA5968AA_AS.result	876
ESC_ZA4596AA_AS.result	877
ESC_ZA6000AA_AS.result	878
ESC_ZA5621AA_AS.result	879
ESC_ZA5784AA_AS.result	880
ESC_ZA4975AA_AS.result	881
ESC_ZA4858AA_AS.result	882
ESC_ZA5692AA_AS.result	883
ESC_ZA4917AA_AS.result	884
ESC_ZA5612AA_AS.result	885
ESC_ZA4757AA_AS.result	886
ESC_ZA5176AA_AS.result	887
ESC_ZA5043AA_AS.result	888
ESC_ZA5058AA_AS.result	889
ESC_ZA6194AA_AS.result	890
ESC_ZA6101AA_AS.result	891
ESC_ZA5464AA_AS.result	892
ESC_ZA5785AA_AS.result	893
ESC_ZA6169AA_AS.result	894
ESC_ZA5348AA_AS.result	895
ESC_ZA6030AA_AS.result	896
ESC_ZA5233AA_AS.result	315
ESC_ZA5454AA_AS.result	897
ESC_ZA4873AA_AS.result	898
ESC_ZA5368AA_AS.result	411
ESC_ZA5794AA_AS.result	899
ESC_ZA5444AA_AS.result	900
ESC_ZA5650AA_AS.result	901
ESC_ZA4928AA_AS.result	902
ESC_ZA4783AA_AS.result	903
ESC_ZA4927AA_AS.result	904
ESC_ZA4851AA_AS.result	51
ESC_ZA5292AA_AS.result	158
ESC_ZA5121AA_AS.result	905
ESC_ZA5897AA_AS.result	906
ESC_ZA4597AA_AS.result	907
ESC_ZA4707AA_AS.result	908
ESC_ZA5027AA_AS.result	909
ESC_ZA5640AA_AS.result	717
ESC_ZA6127AA_AS.result	910
ESC_ZA4864AA_AS.result	911
ESC_ZA4526AA_AS.result	912
ESC_ZA6218AA_AS.result	913
ESC_ZA5661AA_AS.result	914
ESC_ZA5658AA_AS.result	915
ESC_ZA5923AA_AS.result	916
ESC_ZA5739AA_AS.result	917
ESC_ZA4646AA_AS.result	918
ESC_ZA6250AA_AS.result	919
ESC_ZA5637AA_AS.result	920
ESC_ZA4621AA_AS.result	921
ESC_ZA6125AA_AS.result	922
ESC_ZA4781AA_AS.result	923
ESC_ZA5716AA_AS.result	924
ESC_ZA4782AA_AS.result	925
ESC_ZA5704AA_AS.result	926
ESC_ZA6231AA_AS.result	927
ESC_ZA4763AA_AS.result	928
ESC_ZA5153AA_AS.result	929
ESC_ZA5106AA_AS.result	930
ESC_ZA6199AA_AS.result	931
ESC_ZA5949AA_AS.result	932
ESC_ZA6085AA_AS.result	933
ESC_ZA4819AA_AS.result	934
ESC_ZA5476AA_AS.result	158
ESC_ZA6215AA_AS.result	935
ESC_ZA4958AA_AS.result	936
ESC_ZA5628AA_AS.result	51
ESC_ZA4914AA_AS.result	937
ESC_ZA5087AA_AS.result	938
ESC_ZA6109AA_AS.result	939
ESC_ZA6063AA_AS.result	940
ESC_ZA5683AA_AS.result	941
ESC_ZA4857AA_AS.result	942
ESC_ZA5690AA_AS.result	943
ESC_ZA4769AA_AS.result	944
ESC_ZA4756AA_AS.result	945
ESC_ZA6009AA_AS.result	946
ESC_ZA5172AA_AS.result	947
ESC_ZA5765AA_AS.result	948
ESC_ZA4886AA_AS.result	949
ESC_ZA4900AA_AS.result	950
ESC_ZA4513AA_AS.result	951
ESC_ZA6254AA_AS.result	952
ESC_ZA5195AA_AS.result	953
ESC_ZA4973AA_AS.result	954
ESC_ZA5643AA_AS.result	955
ESC_ZA5813AA_AS.result	956
ESC_ZA5657AA_AS.result	427
ESC_ZA5845AA_AS.result	957
ESC_ZA6007AA_AS.result	958
ESC_ZA5673AA_AS.result	959
ESC_ZA4854AA_AS.result	960
ESC_ZA5797AA_AS.result	961
ESC_ZA5632AA_AS.result	962
ESC_ZA5222AA_AS.result	963
ESC_ZA5753AA_AS.result	964
ESC_ZA4539AA_AS.result	965
ESC_ZA6087AA_AS.result	966
ESC_ZA4618AA_AS.result	967
ESC_ZA5488AA_AS.result	968
ESC_ZA6052AA_AS.result	411
ESC_ZA5341AA_AS.result	969
ESC_ZA5853AA_AS.result	970
ESC_ZA5305AA_AS.result	971
ESC_ZA6189AA_AS.result	972
ESC_ZA4685AA_AS.result	973
ESC_ZA4941AA_AS.result	974
ESC_ZA5377AA_AS.result	975
ESC_ZA4996AA_AS.result	976
ESC_ZA4991AA_AS.result	977
ESC_ZA4751AA_AS.result	978
ESC_ZA4626AA_AS.result	802
ESC_ZA4945AA_AS.result	979
ESC_ZA4834AA_AS.result	980
ESC_ZA5685AA_AS.result	981
ESC_ZA4715AA_AS.result	982
ESC_ZA4983AA_AS.result	983
ESC_ZA5067AA_AS.result	217
ESC_ZA5499AA_AS.result	984
ESC_ZA4683AA_AS.result	985
ESC_ZA5234AA_AS.result	986
ESC_ZA4592AA_AS.result	987
ESC_ZA6178AA_AS.result	988
ESC_ZA5322AA_AS.result	989
ESC_ZA5734AA_AS.result	990
ESC_ZA5044AA_AS.result	991
ESC_ZA5811AA_AS.result	992
ESC_ZA5145AA_AS.result	993
ESC_ZA5293AA_AS.result	158
ESC_ZA6253AA_AS.result	994
ESC_ZA5351AA_AS.result	995
ESC_ZA5165AA_AS.result	996
ESC_ZA5219AA_AS.result	997
ESC_ZA5894AA_AS.result	998
ESC_ZA5916AA_AS.result	999
ESC_ZA5336AA_AS.result	509
ESC_ZA5275AA_AS.result	1000
ESC_ZA6099AA_AS.result	1001
ESC_ZA4922AA_AS.result	1002
ESC_ZA4908AA_AS.result	1003
ESC_MB7369AA_AS.result	1004
ESC_ZA4792AA_AS.result	1005
ESC_ZA4889AA_AS.result	1006
ESC_ZA6069AA_AS.result	825
ESC_ZA4985AA_AS.result	1007
ESC_ZA5809AA_AS.result	1008
ESC_ZA5938AA_AS.result	1009
ESC_ZA5619AA_AS.result	1010
ESC_ZA5608AA_AS.result	1011
ESC_ZA5821AA_AS.result	1012
ESC_ZA5470AA_AS.result	1013
ESC_ZA5189AA_AS.result	1014
ESC_ZA5625AA_AS.result	1015
ESC_ZA4728AA_AS.result	1016
ESC_ZA4807AA_AS.result	1017
ESC_ZA5221AA_AS.result	1018
ESC_ZA4602AA_AS.result	1019
ESC_ZA5654AA_AS.result	1020
ESC_ZA5419AA_AS.result	1021
ESC_ZA5466AA_AS.result	1022
ESC_ZA5872AA_AS.result	727
ESC_ZA5937AA_AS.result	1023
ESC_ZA5606AA_AS.result	1024
ESC_ZA5214AA_AS.result	1025
ESC_ZA5998AA_AS.result	1026
ESC_ZA5097AA_AS.result	1027
ESC_ZA4540AA_AS.result	1028
ESC_ZA6154AA_AS.result	1029
ESC_ZA5958AA_AS.result	1030
ESC_ZA5779AA_AS.result	1031
ESC_ZA5167AA_AS.result	1032
ESC_ZA5245AA_AS.result	1033
ESC_ZA4642AA_AS.result	1034
ESC_ZA5290AA_AS.result	1035
ESC_ZA6160AA_AS.result	1036
ESC_ZA5737AA_AS.result	257
ESC_ZA5717AA_AS.result	1037
ESC_ZA4863AA_AS.result	1038
ESC_ZA5593AA_AS.result	1039
ESC_ZA6165AA_AS.result	1040
ESC_ZA4688AA_AS.result	1041
ESC_ZA5881AA_AS.result	1042
ESC_ZA5441AA_AS.result	1043
ESC_ZA6049AA_AS.result	1044
ESC_ZA5101AA_AS.result	1045
ESC_ZA5034AA_AS.result	1046
ESC_ZA5851AA_AS.result	1047
ESC_ZA4910AA_AS.result	1048
ESC_ZA6113AA_AS.result	1049
ESC_ZA6036AA_AS.result	1050
ESC_ZA4521AA_AS.result	543
ESC_ZA6197AA_AS.result	1051
ESC_ZA4572AA_AS.result	1052
ESC_ZA6183AA_AS.result	1053
ESC_ZA4700AA_AS.result	1054
ESC_ZA5669AA_AS.result	1055
ESC_ZA4855AA_AS.result	1056
ESC_ZA5118AA_AS.result	1057
ESC_ZA5150AA_AS.result	1058
ESC_ZA4820AA_AS.result	1059
ESC_ZA5055AA_AS.result	172
ESC_ZA5595AA_AS.result	1060
ESC_ZA5450AA_AS.result	1061
ESC_ZA5204AA_AS.result	1062
ESC_ZA5261AA_AS.result	1063
ESC_ZA5359AA_AS.result	1064
ESC_ZA5282AA_AS.result	1065
ESC_ZA4645AA_AS.result	1066
ESC_ZA5393AA_AS.result	530
ESC_ZA4999AA_AS.result	1067
ESC_ZA4810AA_AS.result	1068
ESC_ZA4816AA_AS.result	1069
ESC_ZA5169AA_AS.result	1070
ESC_ZA4932AA_AS.result	1071
ESC_ZA5021AA_AS.result	1072
ESC_ZA5281AA_AS.result	1073
ESC_ZA4981AA_AS.result	329
ESC_ZA5302AA_AS.result	1074
ESC_ZA5832AA_AS.result	1075
ESC_ZA4530AA_AS.result	376
ESC_ZA6223AA_AS.result	630
ESC_ZA4838AA_AS.result	1076
ESC_ZA5671AA_AS.result	1077
ESC_ZA5056AA_AS.result	820
ESC_ZA6228AA_AS.result	1078
ESC_ZA5863AA_AS.result	1079
ESC_ZA5090AA_AS.result	1080
ESC_ZA5653AA_AS.result	1081
ESC_ZA5315AA_AS.result	1082
ESC_ZA5110AA_AS.result	1083
ESC_ZA5831AA_AS.result	39
ESC_ZA5837AA_AS.result	1084
ESC_ZA6055AA_AS.result	1085
ESC_ZA5138AA_AS.result	341
ESC_ZA5014AA_AS.result	1086
ESC_ZA5181AA_AS.result	1087
ESC_ZA5978AA_AS.result	1088
ESC_MB7370AA_AS.result	1089
ESC_ZA5756AA_AS.result	1090
ESC_ZA6156AA_AS.result	1091
ESC_ZA4861AA_AS.result	1092
ESC_ZA4532AA_AS.result	601
ESC_ZA4839AA_AS.result	1093
ESC_ZA5793AA_AS.result	1094
ESC_ZA5122AA_AS.result	1095
ESC_ZA4581AA_AS.result	1096
ESC_ZA6233AA_AS.result	1097
ESC_ZA6184AA_AS.result	1098
ESC_ZA5107AA_AS.result	341
ESC_ZA5226AA_AS.result	1099
ESC_ZA4740AA_AS.result	1100
ESC_ZA4893AA_AS.result	1101
ESC_ZA5380AA_AS.result	1102
ESC_ZA4777AA_AS.result	1103
ESC_ZA5268AA_AS.result	1104
ESC_ZA5439AA_AS.result	1035
ESC_ZA4967AA_AS.result	1105
ESC_ZA5437AA_AS.result	1106
ESC_ZA4575AA_AS.result	1107
ESC_ZA5015AA_AS.result	1108
ESC_ZA4754AA_AS.result	1109
ESC_ZA5931AA_AS.result	1110
ESC_ZA4902AA_AS.result	1111
ESC_ZA4895AA_AS.result	1112
ESC_ZA4560AA_AS.result	1113
ESC_ZA5400AA_AS.result	1114
ESC_ZA4772AA_AS.result	1115
ESC_ZA5617AA_AS.result	1116
ESC_ZA5301AA_AS.result	1117
ESC_ZA5598AA_AS.result	1118
ESC_ZA4555AA_AS.result	1119
ESC_ZA5228AA_AS.result	1120
ESC_ZA5072AA_AS.result	1121
ESC_ZA4946AA_AS.result	1122
ESC_ZA6158AA_AS.result	1123
ESC_ZA5880AA_AS.result	1124
ESC_ZA5675AA_AS.result	51
ESC_ZA5100AA_AS.result	1125
ESC_ZA6004AA_AS.result	1126
ESC_ZA5875AA_AS.result	1127
ESC_ZA6100AA_AS.result	1128
ESC_ZA5095AA_AS.result	1129
ESC_ZA6025AA_AS.result	1130
ESC_ZA5651AA_AS.result	1131
ESC_MB7316AA_AS.result	1132
ESC_ZA5148AA_AS.result	1133
ESC_ZA5033AA_AS.result	1134
ESC_ZA5086AA_AS.result	1135
ESC_ZA6089AA_AS.result	1136
ESC_ZA5909AA_AS.result	1137
ESC_ZA5422AA_AS.result	104
ESC_ZA4997AA_AS.result	307
ESC_ZA6213AA_AS.result	1138
ESC_ZA5825AA_AS.result	1139
ESC_ZA5814AA_AS.result	1140
ESC_ZA5773AA_AS.result	1141
ESC_ZA5924AA_AS.result	170
ESC_ZA4887AA_AS.result	1142
ESC_ZA5807AA_AS.result	1143
ESC_ZA6046AA_AS.result	8
ESC_ZA5847AA_AS.result	1144
ESC_ZA5205AA_AS.result	1145
ESC_ZA4546AA_AS.result	1146
ESC_ZA5294AA_AS.result	1147
ESC_ZA5157AA_AS.result	1148
ESC_ZA4570AA_AS.result	1149
ESC_ZA5030AA_AS.result	1150
ESC_ZA6175AA_AS.result	1151
ESC_ZA4780AA_AS.result	1152
ESC_ZA5604AA_AS.result	1153
ESC_ZA4559AA_AS.result	1154
ESC_ZA6042AA_AS.result	258
ESC_ZA6149AA_AS.result	1155
ESC_ZA5701AA_AS.result	1156
ESC_ZA5852AA_AS.result	1157
ESC_ZA4803AA_AS.result	1158
ESC_ZA5955AA_AS.result	1159
ESC_ZA5787AA_AS.result	281
ESC_ZA5983AA_AS.result	1160
ESC_ZA4692AA_AS.result	1161
ESC_ZA4903AA_AS.result	1162
ESC_ZA4672AA_AS.result	1163
ESC_ZA4966AA_AS.result	1164
ESC_ZA5317AA_AS.result	1165
ESC_ZA5750AA_AS.result	1166
ESC_ZA5398AA_AS.result	1167
ESC_ZA4969AA_AS.result	1168
ESC_ZA5024AA_AS.result	1169
ESC_ZA5160AA_AS.result	1170
ESC_ZA4529AA_AS.result	427
ESC_ZA5730AA_AS.result	1171
ESC_ZA4779AA_AS.result	1172
ESC_ZA5353AA_AS.result	1173
ESC_ZA5191AA_AS.result	1174
ESC_ZA5605AA_AS.result	1175
ESC_ZA4554AA_AS.result	1176
ESC_ZA4562AA_AS.result	1177
ESC_ZA5152AA_AS.result	1178
ESC_ZA6021AA_AS.result	1179
ESC_ZA5140AA_AS.result	1180
ESC_ZA4670AA_AS.result	537
ESC_ZA4962AA_AS.result	1181
ESC_ZA5360AA_AS.result	1182
ESC_ZA6138AA_AS.result	1183
ESC_ZA5848AA_AS.result	1184
ESC_ZA5188AA_AS.result	1185
ESC_ZA5358AA_AS.result	1173
ESC_ZA5190AA_AS.result	1186
ESC_ZA5891AA_AS.result	1187
ESC_ZA5817AA_AS.result	1188
ESC_ZA4558AA_AS.result	1189
ESC_ZA4943AA_AS.result	1190
ESC_ZA5300AA_AS.result	46
ESC_ZA5083AA_AS.result	1191
ESC_ZA5761AA_AS.result	1192
ESC_ZA5833AA_AS.result	1193
ESC_ZA5278AA_AS.result	1194
ESC_ZA6020AA_AS.result	1195
ESC_ZA4749AA_AS.result	1196
ESC_ZA5892AA_AS.result	1197
ESC_ZA4896AA_AS.result	1198
ESC_ZA5783AA_AS.result	1199
ESC_ZA6119AA_AS.result	1200
ESC_ZA6035AA_AS.result	1201
ESC_ZA5256AA_AS.result	1202
ESC_ZA5075AA_AS.result	1203
ESC_ZA5427AA_AS.result	1204
ESC_ZA5719AA_AS.result	1205
ESC_ZA5703AA_AS.result	1206
ESC_ZA5945AA_AS.result	1207
ESC_ZA5869AA_AS.result	1208
ESC_ZA4719AA_AS.result	1209
ESC_ZA4960AA_AS.result	1210
ESC_ZA5084AA_AS.result	1211
ESC_ZA4784AA_AS.result	259
ESC_ZA4881AA_AS.result	1212
ESC_ZA5438AA_AS.result	1213
ESC_ZA5421AA_AS.result	1214
ESC_ZA5264AA_AS.result	518
ESC_ZA4727AA_AS.result	1215
ESC_ZA5738AA_AS.result	257
ESC_ZA4598AA_AS.result	1216
ESC_ZA5433AA_AS.result	1217
ESC_ZA5767AA_AS.result	1218
ESC_ZA6227AA_AS.result	1219
ESC_ZA5196AA_AS.result	1220
ESC_ZA5989AA_AS.result	1221
ESC_ZA5133AA_AS.result	1222
ESC_ZA5139AA_AS.result	1223
ESC_ZA5026AA_AS.result	1224
ESC_ZA6168AA_AS.result	1225
ESC_ZA6126AA_AS.result	1226
ESC_ZA6209AA_AS.result	454
ESC_ZA5050AA_AS.result	1227
ESC_ZA5843AA_AS.result	1228
ESC_ZA5849AA_AS.result	1229
ESC_ZA4686AA_AS.result	1230
ESC_ZA5933AA_AS.result	1231
ESC_ZA5141AA_AS.result	717
ESC_ZA4920AA_AS.result	1232
ESC_ZA6176AA_AS.result	1233
ESC_ZA4613AA_AS.result	1234
ESC_ZA6161AA_AS.result	1235
ESC_ZA5202AA_AS.result	1236
ESC_ZA4545AA_AS.result	1237
ESC_ZA5666AA_AS.result	1238
ESC_ZA6120AA_AS.result	841
ESC_ZA4624AA_AS.result	1239
ESC_ZA5080AA_AS.result	1240
ESC_ZA4948AA_AS.result	1241
ESC_ZA6146AA_AS.result	1242
ESC_ZA4747AA_AS.result	1243
ESC_ZA5934AA_AS.result	1244
ESC_ZA6056AA_AS.result	20
ESC_ZA5810AA_AS.result	1245
ESC_ZA6059AA_AS.result	1246
ESC_ZA5251AA_AS.result	1247
ESC_ZA4730AA_AS.result	1248
ESC_ZA4935AA_AS.result	1249
ESC_ZA5076AA_AS.result	1250
ESC_ZA5093AA_AS.result	1251
ESC_ZA4919AA_AS.result	1252
ESC_ZA5493AA_AS.result	1253
ESC_ZA6028AA_AS.result	1254
ESC_ZA5609AA_AS.result	1255
ESC_ZA6203AA_AS.result	1256
ESC_ZA4566AA_AS.result	1257
ESC_ZA4957AA_AS.result	1258
ESC_ZA4709AA_AS.result	1259
ESC_ZA5667AA_AS.result	1260
ESC_ZA5636AA_AS.result	1261
ESC_ZA5791AA_AS.result	1262
ESC_ZA4789AA_AS.result	1263
ESC_ZA6185AA_AS.result	1264
ESC_ZA5284AA_AS.result	1265
ESC_ZA4768AA_AS.result	1266
ESC_ZA5206AA_AS.result	1267
ESC_ZA4955AA_AS.result	1268
ESC_ZA5418AA_AS.result	1269
ESC_ZA5610AA_AS.result	1270
ESC_ZA4947AA_AS.result	1271
ESC_ZA4605AA_AS.result	1272
ESC_ZA4509AA_AS.result	1273
ESC_ZA6177AA_AS.result	1274
ESC_ZA4563AA_AS.result	1177
ESC_ZA4714AA_AS.result	1275
ESC_ZA5855AA_AS.result	1276
ESC_ZA5424AA_AS.result	1277
ESC_ZA5503AA_AS.result	1278
ESC_ZA4984AA_AS.result	1279
ESC_ZA6102AA_AS.result	1280
ESC_ZA5349AA_AS.result	1281
ESC_ZA4517AA_AS.result	1282
ESC_ZA5993AA_AS.result	1283
ESC_ZA5229AA_AS.result	1284
ESC_ZA5921AA_AS.result	1285
ESC_ZA6057AA_AS.result	1286
ESC_ZA5991AA_AS.result	1287
ESC_ZA5262AA_AS.result	1288
ESC_ZA6188AA_AS.result	853
ESC_ZA5678AA_AS.result	1289
ESC_ZA4990AA_AS.result	1290
ESC_ZA4821AA_AS.result	1147
ESC_ZA5246AA_AS.result	1291
ESC_ZA5420AA_AS.result	1292
ESC_ZA5102AA_AS.result	1293
ESC_ZA5124AA_AS.result	1294
ESC_ZA4976AA_AS.result	881
ESC_ZA5273AA_AS.result	1295
ESC_ZA5468AA_AS.result	1296
ESC_ZA4758AA_AS.result	1297
ESC_ZA4711AA_AS.result	1298
ESC_ZA5893AA_AS.result	1299
ESC_ZA5749AA_AS.result	1300
ESC_ZA5706AA_AS.result	51
ESC_ZA5870AA_AS.result	1301
ESC_ZA4752AA_AS.result	1302
ESC_ZA4837AA_AS.result	1303
ESC_ZA4952AA_AS.result	1304
ESC_ZA5155AA_AS.result	1305
ESC_ZA4689AA_AS.result	1306
ESC_ZA5227AA_AS.result	1307
ESC_ZA6079AA_AS.result	1308
ESC_ZA5440AA_AS.result	1309
ESC_ZA4796AA_AS.result	1310
ESC_ZA6144AA_AS.result	1311
ESC_ZA5620AA_AS.result	1312
ESC_ZA5920AA_AS.result	1313
ESC_ZA5183AA_AS.result	1314
ESC_ZA4696AA_AS.result	825
ESC_ZA6141AA_AS.result	1315
ESC_ZA4963AA_AS.result	1316
ESC_ZA6061AA_AS.result	1317
ESC_ZA5965AA_AS.result	1318
ESC_ZA6208AA_AS.result	1319
ESC_ZA5986AA_AS.result	1320
ESC_ZA4649AA_AS.result	1321
ESC_ZA4844AA_AS.result	1322
ESC_ZA5408AA_AS.result	1323
ESC_ZA5990AA_AS.result	1324
ESC_ZA4801AA_AS.result	1325
ESC_ZA5187AA_AS.result	422
ESC_ZA4564AA_AS.result	1326
ESC_ZA5956AA_AS.result	1327
ESC_ZA5699AA_AS.result	1328
ESC_ZA5120AA_AS.result	1329
ESC_ZA6092AA_AS.result	1330
ESC_ZA5379AA_AS.result	218
ESC_ZA5677AA_AS.result	1331
ESC_ZA5004AA_AS.result	1332
ESC_ZA4778AA_AS.result	1333
ESC_ZA4653AA_AS.result	1334
ESC_ZA5159AA_AS.result	1335
ESC_ZA6078AA_AS.result	1336
ESC_ZA4693AA_AS.result	1337
ESC_ZA4828AA_AS.result	1338
ESC_ZA5864AA_AS.result	1339
ESC_ZA6027AA_AS.result	1340
ESC_ZA5626AA_AS.result	1341
ESC_ZA5314AA_AS.result	1342
ESC_ZA5886AA_AS.result	1343
ESC_ZA5114AA_AS.result	1344
ESC_ZA5868AA_AS.result	1345
ESC_ZA5967AA_AS.result	1346
ESC_ZA5179AA_AS.result	1347
ESC_ZA4848AA_AS.result	1348
ESC_ZA5977AA_AS.result	1349
ESC_ZA4871AA_AS.result	1350
ESC_ZA5928AA_AS.result	1351
ESC_ZA6116AA_AS.result	1352
ESC_ZA4836AA_AS.result	460
ESC_ZA5905AA_AS.result	1353
ESC_ZA5459AA_AS.result	1354
ESC_ZA5457AA_AS.result	1355
ESC_ZA4706AA_AS.result	1356
ESC_ZA5481AA_AS.result	1357
ESC_ZA5757AA_AS.result	1358
ESC_ZA4565AA_AS.result	1359
ESC_ZA5947AA_AS.result	1360
ESC_ZA4549AA_AS.result	1361
ESC_ZA5389AA_AS.result	1362
ESC_ZA5754AA_AS.result	1363
ESC_ZA5048AA_AS.result	1364
ESC_ZA5143AA_AS.result	1365
ESC_ZA5901AA_AS.result	1366
ESC_ZA6019AA_AS.result	501
ESC_ZA5709AA_AS.result	1367
ESC_ZA4712AA_AS.result	1368
ESC_ZA4774AA_AS.result	1369
ESC_ZA5624AA_AS.result	298
ESC_ZA5249AA_AS.result	1370
ESC_ZA6086AA_AS.result	1371
ESC_ZA6122AA_AS.result	841
ESC_ZA5199AA_AS.result	1372
ESC_ZA5613AA_AS.result	1373
ESC_ZA5374AA_AS.result	1374
ESC_ZA5972AA_AS.result	1375
ESC_ZA5283AA_AS.result	1265
ESC_ZA5771AA_AS.result	1376
ESC_ZA5505AA_AS.result	1377
ESC_ZA5344AA_AS.result	1378
ESC_ZA5335AA_AS.result	1379
ESC_ZA4832AA_AS.result	1380
ESC_ZA5846AA_AS.result	1381
ESC_ZA5436AA_AS.result	1382
ESC_ZA5099AA_AS.result	1383
ESC_ZA5492AA_AS.result	1384
ESC_ZA5136AA_AS.result	1385
ESC_ZA4553AA_AS.result	1386
ESC_ZA4840AA_AS.result	1387
ESC_ZA5645AA_AS.result	1388
ESC_ZA5836AA_AS.result	1389
ESC_ZA5192AA_AS.result	1390
ESC_ZA4764AA_AS.result	1391
ESC_ZA5435AA_AS.result	1392
ESC_ZA4620AA_AS.result	1393
ESC_ZA5592AA_AS.result	1394
ESC_ZA5975AA_AS.result	1395
ESC_ZA5307AA_AS.result	1396
ESC_ZA6005AA_AS.result	1397
ESC_ZA5630AA_AS.result	1398
ESC_ZA5688AA_AS.result	1399
ESC_ZA6024AA_AS.result	1400
ESC_ZA5270AA_AS.result	1401
ESC_ZA5329AA_AS.result	1402
ESC_ZA4589AA_AS.result	1403
ESC_ZA5052AA_AS.result	1404
ESC_ZA4814AA_AS.result	1405
ESC_ZA4787AA_AS.result	1065
ESC_ZA5760AA_AS.result	1406
ESC_ZA6014AA_AS.result	1407
ESC_ZA4939AA_AS.result	1408
ESC_ZA5857AA_AS.result	1409
ESC_ZA5134AA_AS.result	1410
ESC_ZA4894AA_AS.result	505
ESC_ZA4638AA_AS.result	1411
ESC_ZA5597AA_AS.result	717
ESC_ZA4726AA_AS.result	1412
ESC_ZA4600AA_AS.result	1413
ESC_ZA4959AA_AS.result	1414
ESC_ZA6216AA_AS.result	1415
ESC_ZA5471AA_AS.result	1416
ESC_ZA5973AA_AS.result	1417
ESC_ZA4788AA_AS.result	1418
ESC_ZA5296AA_AS.result	141
ESC_ZA5416AA_AS.result	1419
ESC_ZA6088AA_AS.result	1420
ESC_ZA5689AA_AS.result	261
ESC_ZA5591AA_AS.result	1421
ESC_ZA5663AA_AS.result	1422
ESC_ZA5073AA_AS.result	489
ESC_ZA5406AA_AS.result	1423
ESC_ZA5819AA_AS.result	1424
ESC_ZA5979AA_AS.result	1417
ESC_ZA5966AA_AS.result	499
ESC_ZA5908AA_AS.result	1425
ESC_ZA6037AA_AS.result	1426
ESC_ZA5403AA_AS.result	1427
ESC_ZA5402AA_AS.result	1428
ESC_ZA5345AA_AS.result	1429
ESC_ZA5328AA_AS.result	1430
ESC_ZA4674AA_AS.result	1431
ESC_ZA4825AA_AS.result	1432
ESC_ZA4573AA_AS.result	1433
ESC_ZA6033AA_AS.result	1434
ESC_ZA5906AA_AS.result	516
ESC_ZA6098AA_AS.result	1435
ESC_ZA4773AA_AS.result	1436
ESC_ZA4872AA_AS.result	1437
ESC_ZA5103AA_AS.result	341
ESC_ZA5951AA_AS.result	1438
ESC_ZA4956AA_AS.result	1439
ESC_ZA4661AA_AS.result	1440
ESC_ZA5413AA_AS.result	1441
ESC_ZA5443AA_AS.result	1442
ESC_ZA5936AA_AS.result	1443
ESC_ZA4734AA_AS.result	1444
ESC_ZA4588AA_AS.result	1445
ESC_ZA6114AA_AS.result	1446
ESC_ZA4878AA_AS.result	1447
ESC_ZA5031AA_AS.result	1448
ESC_ZA6002AA_AS.result	1449
ESC_ZA4514AA_AS.result	1450
ESC_ZA5396AA_AS.result	1451
ESC_ZA5239AA_AS.result	1452
ESC_ZA5930AA_AS.result	1453
ESC_ZA6107AA_AS.result	1454
ESC_ZA6032AA_AS.result	517
ESC_ZA5098AA_AS.result	1293
ESC_ZA4929AA_AS.result	1455
ESC_ZA4942AA_AS.result	1456
ESC_ZA5816AA_AS.result	1457
ESC_ZA5077AA_AS.result	820
ESC_ZA5899AA_AS.result	1458
ESC_ZA4681AA_AS.result	1459
ESC_ZA4548AA_AS.result	1460
ESC_ZA6047AA_AS.result	1461
ESC_ZA5974AA_AS.result	1462
ESC_ZA5915AA_AS.result	1463
ESC_ZA6029AA_AS.result	1464
ESC_ZA4995AA_AS.result	1465
ESC_ZA4940AA_AS.result	1466
ESC_ZA5297AA_AS.result	760
ESC_ZA5200AA_AS.result	1467
ESC_ZA5384AA_AS.result	1468
ESC_ZA5639AA_AS.result	1469
ESC_ZA5871AA_AS.result	154
ESC_ZA4552AA_AS.result	1470
ESC_ZA5697AA_AS.result	1471
ESC_ZA4655AA_AS.result	1472
ESC_ZA6221AA_AS.result	1473
ESC_ZA5995AA_AS.result	1474
ESC_ZA4818AA_AS.result	1475
ESC_ZA5981AA_AS.result	1476
ESC_ZA5805AA_AS.result	1477
ESC_ZA5453AA_AS.result	1478
ESC_ZA4850AA_AS.result	1479
ESC_ZA4702AA_AS.result	1480
ESC_ZA5758AA_AS.result	1481
ESC_ZA5047AA_AS.result	1482
ESC_ZA5203AA_AS.result	1483
ESC_ZA5594AA_AS.result	1484
ESC_ZA5914AA_AS.result	1485
ESC_ZA5830AA_AS.result	1486
ESC_ZA6132AA_AS.result	167
ESC_ZA4648AA_AS.result	1487
ESC_ZA5912AA_AS.result	1488
ESC_MB7368AA_AS.result	1489
ESC_MB7315AA_AS.result	1490
ESC_ZA5007AA_AS.result	1491
ESC_ZA5856AA_AS.result	1492
ESC_ZA5414AA_AS.result	1493
ESC_ZA5326AA_AS.result	1494
ESC_ZA5125AA_AS.result	1495
ESC_ZA5695AA_AS.result	1496
ESC_ZA5917AA_AS.result	1497
ESC_ZA5475AA_AS.result	1498
ESC_ZA4791AA_AS.result	1499
ESC_ZA6166AA_AS.result	1500
ESC_ZA4798AA_AS.result	1501
ESC_ZA5171AA_AS.result	1502
ESC_ZA4901AA_AS.result	1503
ESC_ZA4961AA_AS.result	1504
ESC_ZA5071AA_AS.result	517
ESC_ZA5442AA_AS.result	1505
ESC_ZA5078AA_AS.result	1506
ESC_ZA5862AA_AS.result	1507
ESC_ZA6015AA_AS.result	1508
ESC_ZA4640AA_AS.result	1509
ESC_ZA5447AA_AS.result	1510
ESC_ZA5618AA_AS.result	1511
ESC_ZA5490AA_AS.result	1512
ESC_ZA5727AA_AS.result	1513
ESC_ZA4833AA_AS.result	51
ESC_ZA5629AA_AS.result	427
ESC_ZA5838AA_AS.result	1514
ESC_ZA4906AA_AS.result	1515
ESC_ZA5656AA_AS.result	1516
ESC_ZA5146AA_AS.result	1517
